Species,Location,Name,Markings,Visited
Cat,UP Gate,Up-up,"Pure orange, red collar, notch",Not Visited
Cat,UP Gate,Tigger,,Not Visited
Cat,UP Gate,Charito,,Not Visited
Cat,UP Gate,Izzy,,Not Visited
Cat,UP Gate,Nessie,,Not Visited
Cat,UP Gate,Charlie,,Not Visited
Cat,Admin-CPark,Mady,,Not Visited
Cat,Admin-CPark,Minca,,Not Visited
Cat,Admin-CPark,Beans,,Not Visited
Cat,Admin-CPark,Circle,,Not Visited
Cat,Admin-CPark,Onion,,Not Visited
Cat,Admin-CPark,Happee,,Not Visited
Cat,ICOPED,Chorizo,,Not Visited
Cat,ICOPED,Maureen,,Not Visited
Cat,ICOPED,Aiko,,Not Visited
Cat,ICOPED,Pedro,,Not Visited
Cat,OUR,Corn,,Not Visited
Cat,ICOPED,Czill,,Not Visited
Cat,ICOPED,Pax,,Not Visited
Cat,MSI,Buttcheeks,,Not Visited
Cat,MSI,Ximus,,Not Visited
Cat,MSI,Kimpy,,Not Visited
Cat,PhySci,Penguin,,Not Visited
Cat,OUR,Ms Jackson,,Not Visited
Cat,OUR,Emo,,Not Visited
Cat,OUR,Red,,Not Visited
Cat,PhySci,Ms Minchin,,Not Visited
Cat,Library,Nut,,Not Visited
Cat,Library,Coco 2,,Not Visited
Cat,Library,Coco 3,,Not Visited
Cat,IBS,Tulip,,Not Visited
Cat,IBS,Tum,,Not Visited
Cat,IBS,Blythe,,Not Visited
Cat,IBS,Gene,,Not Visited
Cat,IBS,Beewee,,Not Visited
Cat,IH-GS,Snowden,,Not Visited
Cat,IH-GS,Boris,,Not Visited
Cat,IH-GS,Chuchi,,Not Visited
Cat,SU,Aling Rebecca,,Not Visited
Cat,SU,Euni,,Not Visited
Cat,SU,Kasha,,Not Visited
Cat,SU,Bob,,Not Visited
Cat,SU,Latrice Meow,,Not Visited
Cat,Baker,Hermit,,Not Visited
Cat,Baker,Miss Baker,,Not Visited
Cat,Baker,Kitten 1,,Not Visited
Cat,Baker,Kitten 2,,Not Visited
Cat,Baker,Bernie,,Not Visited
Cat,Baker,Cupcake,,Not Visited
Cat,WRH,Firestone,,Not Visited
Cat,WRH,Katy,,Not Visited
Cat,WRH,Simone,,Not Visited
Cat,WRH,Sandals,,Not Visited
Cat,WRH,Bonbon,,Not Visited
Cat,MRH,Mother Earth,,Not Visited
Cat,MRH,Apple Juice,,Not Visited
Cat,MRH,Bert,,Not Visited
Cat,MRH,Tukmol,,Not Visited
Cat,MRH,Nenok,,Not Visited
Cat,YMCA,Tomtom,,Not Visited
Cat,YMCA,Rupaul,,Not Visited
Cat,YMCA,Buttercup,,Not Visited
Cat,CEC,Gata,,Not Visited
Cat,CEC,Torta,,Not Visited
Cat,CEC,Ensalada,,Not Visited
Cat,CEC,kitten 1,,Not Visited
Cat,CEC,kitten 2,,Not Visited
Cat,CVM,Spam,,Not Visited
Cat,CVM,Basic,,Not Visited
Cat,CVM,TJ,,Not Visited
Cat,CVM,Vienna,,Not Visited
Cat,FC,Caca,,Not Visited
Cat,FC,Lico,,Not Visited
Cat,FC,Side,,Not Visited
Cat,FC,Calla,,Not Visited
Cat,FC,Drake,,Not Visited
Cat,FC,Bling,,Not Visited
Cat,FC,Scar,,Not Visited
Cat,FC,Marco,,Not Visited
Cat,FC,Luya,,Not Visited
Cat,FC,Luan,,Not Visited
Cat,ATI-FC,B3,,Not Visited
Cat,ATI,Yve,,Not Visited
Cat,ATI,Aze,,Not Visited
Cat,ATI,Dew,,Not Visited
Cat,FOREHA,Aida,,Not Visited
Cat,FOREHA,Batcha,,Not Visited
Cat,FOREHA,Jeffree,,Not Visited
Cat,MAREHA,Makiling,,Not Visited
Cat,FSB,Joma,,Not Visited
Dog,Admin-CPark,Bestie,,Not Visited
Dog,Admin-CPark,Bandit,,Not Visited
Dog,Admin-CPark,Blackie Lou,,Not Visited
Dog,IBS,Costa,,Not Visited
Dog,DMST,Trigger,,Not Visited
Dog,CEC,Chupuppy,,Not Visited
Dog,FPark,Furrnando,,Not Visited
Dog,FPark,Miss K,,Not Visited
Dog,FPark,Johnson,,Not Visited
Dog,FPark,Tendy,,Not Visited
Dog,FPark,Brian,,Not Visited
Dog,FPark,Kurdapya,,Not Visited
Dog,FPark,Brownie,,Not Visited
Dog,FPark,Miss Black,,Not Visited
Dog,FPark,Tuytuy,,Not Visited
Dog,FPark,Male 1,,Not Visited
Dog,FPark,Female 1,,Not Visited
Dog,Copeland,Facunda,,Not Visited
Dog,Copeland,Kopiko Black,,Not Visited
Dog,Copeland,Kopiko Brown,,Not Visited
Dog,NCPC,Floof,,Not Visited
Dog,SU,Blackie,,Not Visited
Dog,SU,Isagani,,Not Visited
